"name","signal","registration","country","category","length","port","mmsi"
"10 DE NOVIEMBRE","","01074","Argentina","ALTURA, FRESQUERO",25.6,"",NA
"7 DE DICIEMBRE","","0607","Argentina","ALTURA, FRESQUERO",27.2,"",NA
"AINOHA","CXVF","MVDEO-8293","Uruguay","C",29.18,"Montevideo",NA
"ALBA II","","01450","Argentina","RADA O RIA, FRESQUERO",13.5,"",NA
"ALBAMAR","","MVDEO-7798","Uruguay","B",20.9,"Montevideo",770576113
"ALCO BARI","","01008","Argentina","ALTURA,PROC.CONGELADOR",38.6,"",NA
"ALDEBARAN","","01741","Argentina","ALTURA, FRESQUERO",26.42,"",249771000
"ALTALENA","","0181","Argentina","ALTURA, FRESQUERO",55.8,"",701000835
"ALTAR","","02906","Argentina","COSTEROS, FRESQUERO",19.94,"",NA
"ALVAREZ ENTRENA I","","02454","Argentina","ALTURA,PROC.CONGELADOR",39.43,"",701007044
"ALVAREZ ENTRENA II","","02465","Argentina","ALTURA,PROC.CONGELADOR",39.5,"",NA
"ALVAREZ ENTRENA III","","02379","Argentina","ALTURA,PROC.CONGELADOR",31.9,"",NA
"ALVAREZ ENTRENA IV","","02761","Argentina","COSTEROS, FRESQUERO",17.2,"",NA
"ALVAREZ ENTRENA V","","02279","Argentina","ALTURA,PROC.CONGELADOR",30.5,"",NA
"ALVER","","01576","Argentina","ALTURA,PROC.CONGELADOR",35.03,"",NA
"AMERICA I","","0401","Argentina","COSTEROS, FRESQUERO",23.09,"",NA
"ANABELLA M","","0175","Argentina","ALTURA,PROC.CONGELADOR",64.8,"",NA
"ANA III","","010","Argentina","COSTEROS, FRESQUERO",19.95,"",NA
"ANAVE","","02701","Argentina","COSTEROS, FRESQUERO",18.08,"",NA
"ANGELA","","01229","Argentina","RADA O RIA, FRESQUERO",15.7,"",NA
"ANGEL ANTONIO","","0280","Argentina","RADA O RIA, FRESQUERO",13.6,"",NA
"ANGELO PADRE","","01396","Argentina","RADA O RIA, FRESQUERO",15.3,"",NA
"ANGELUS","","01953","Argentina","ALTURA,PROC.CONGELADOR",52.6,"",NA
"ANITA ALVAREZ","","02138","Argentina","ALTURA,PROC.CONGELADOR",25.5,"",701000899
"ANTARES I","","MVDEO-7671","Uruguay","B",19.62,"Montevideo",701000966
"ANTARTIDA.","","0681","Argentina","RADA O RIA, FRESQUERO",13.38,"",NA
"ANTONELLA","","033","Argentina","COSTEROS, FRESQUERO",16.25,"",NA
"ANTONINO","","0877","Argentina","ALTURA, FRESQUERO",27.6,"",NA
"ANTONIO ALVAREZ","","01429","Argentina","ALTURA,PROC.CONGELADOR",36.6,"",NA
"API V","","02781","Argentina","ALTURA,PROC.CONGELADOR",77.4,"",701006445
"API VI","","02812","Argentina","ALTURA,PROC.CONGELADOR",36.35,"",701006468
"ARAUCANIA","","01384","Argentina","ALTURA, FRESQUERO",28.3,"",NA
"ARBUMASA I","","0248","Argentina","ALTURA,PROC.CONGELADOR",35.3,"",NA
"ARBUMASA X","","0260","Argentina","ALTURA,PROC.CONGELADOR",35.3,"",NA
"ARBUMASA XIV","","0213","Argentina","ALTURA,PROC.CONGELADOR",36.4,"",701006074
"ARBUMASA XIX","","0218","Argentina","ALTURA,PROC.CONGELADOR",36.4,"",NA
"ARBUMASA XV","","0214","Argentina","ALTURA,PROC.CONGELADOR",36.4,"",NA
"ARBUMASA XVI","","0215","Argentina","ALTURA,PROC.CONGELADOR",36.4,"",701000662
"ARBUMASA XVII","","0216","Argentina","ALTURA,PROC.CONGELADOR",36.4,"",NA
"ARBUMASA XVIII","","0217","Argentina","ALTURA,PROC.CONGELADOR",36.4,"",701006034
"ARBUMASA XXIX","","02561","Argentina","ALTURA,PROC.CONGELADOR",65.6,"",NA
"ARBUMASA XXVI","","01958","Argentina","ALTURA,PROC.CONGELADOR",62.8,"",701000852
"ARBUMASA XXVII","","02057","Argentina","ALTURA,PROC.CONGELADOR",64.21,"",701000517
"ARBUMASA XXVIII","","02569","Argentina","ALTURA,PROC.CONGELADOR",64.4,"",NA
"ARESIT","","02265","Argentina","ALTURA,PROC.CONGELADOR",36.26,"",701000553
"ARGENOVA I","","02180","Argentina","ALTURA,PROC.CONGELADOR",35,"",701000686
"ARGENOVA II","","02177","Argentina","ALTURA,PROC.CONGELADOR",38.5,"",701000546
"ARGENOVA III","","02156","Argentina","ALTURA,PROC.CONGELADOR",36.3,"",701000550
"ARGENOVA IV","","02157","Argentina","ALTURA,PROC.CONGELADOR",36.26,"",NA
"ARGENOVA IX","","02328","Argentina","ALTURA,PROC.CONGELADOR",32.5,"",NA
"ARGENOVA VI","","02179","Argentina","ALTURA,PROC.CONGELADOR",35,"",NA
"ARGENOVA X","","02329","Argentina","ALTURA,PROC.CONGELADOR",32.5,"",NA
"ARGENOVA XI","","02199","Argentina","ALTURA,PROC.CONGELADOR",45.2,"",NA
"ARGENOVA XII","","0199","Argentina","ALTURA,PROC.CONGELADOR",47.09,"",NA
"ARGENOVA XIV","","0197","Argentina","ALTURA,PROC.CONGELADOR",52.3,"",NA
"ARGENOVA XXI","","02661","Argentina","ALTURA,PROC.CONGELADOR",55.8,"",NA
"ARGENOVA XXII","","02714","Argentina","ALTURA,PROC.CONGELADOR",37.7,"",NA
"ARGENOVA XXIII","","02713","Argentina","ALTURA,PROC.CONGELADOR",37.19,"",NA
"ARGENOVA XXIV","","02752","Argentina","ALTURA,PROC.CONGELADOR",38.8,"",NA
"ARGENOVA XXV","","02811","Argentina","ALTURA,PROC.CONGELADOR",39.7,"",701006471
"ARGENOVA XXVI","","02849","Argentina","ALTURA,PROC.CONGELADOR",37.15,"",701100000
"ARGENTINO","","0142","Argentina","ALTURA, FRESQUERO",33.77,"",NA
"ARRUFO","","0540","Argentina","ALTURA, FRESQUERO",39.16,"",NA
"ARTHUR SEIF","","MVDEO-8617","Uruguay","C",22.15,"Montevideo",NA
"ASUDEPES II","","0114","Argentina","ALTURA,PROC.CONGELADOR",54.77,"",NA
"ATLANTIC BEATRICE","","MVDEO-7953","Uruguay","A",46.23,"Montevideo",770576065
"ATLANTIC EXPRESS","","02936","Argentina","ALTURA,PROC.CONGELADOR",53.7,"",770576342
"ATLANTIC JANE","","MVDEO-7896","Uruguay","A",46.23,"Montevideo",770576200
"ATLANTIC MARGARET","","MVDEO-7895","Uruguay","A",46.23,"Montevideo",770576174
"ATLANTIC RUTHANN","","MVDEO-7894","Uruguay","A",46.23,"Montevideo",NA
"ATLANTIC SURF III","","02030","Argentina","ALTURA,PROC.CONGELADOR",49.6,"",701024000
"ATREVIDO","","0145","Argentina","ALTURA, FRESQUERO",32.5,"",701006040
"AURORA","","02581","Argentina","ALTURA,PROC.CONGELADOR",67.55,"",NA
"BADARO","","MVDEO-8625","Uruguay","",49.9,"Montevideo",NA
"BAFFETTA","","02635","Argentina","COSTEROS, FRESQUERO",19.45,"",NA
"BAHIA DESVELOS","","0665","Argentina","ALTURA,PROC.CONGELADOR",37.05,"",701006005
"BAHIA ENGAÑO","","0561","Argentina","RADA O RIA, FRESQUERO",17.3,"",NA
"BEAGLE I","","01842","Argentina","ALTURA,PROC.CONGELADOR",59.9,"",NA
"BELVEDERE","","01398","Argentina","ALTURA, FRESQUERO",26.5,"",NA
"BESUGO I","","MVDEO-7635","Uruguay","B",19.62,"Montevideo",770576159
"BESUGO II","","MVDEO-7636","Uruguay","B",19.62,"Montevideo",NA
"BETTY","","0952","Argentina","RADA O RIA, FRESQUERO",15.3,"",NA
"BOGAVANTE SEGUNDO","","02994","Argentina","ALTURA,PROC.CONGELADOR",37.45,"",NA
"BONFIGLIO","","01234","Argentina","COSTEROS, FRESQUERO",21.05,"",NA
"BORRASCA","","01095","Argentina","ALTURA,PROC.CONGELADOR",39.16,"",701006084
"BOUCIÑA","","01637","Argentina","ALTURA,PROC.CONGELADOR",41.5,"",NA
"BUENA PESCA","","01475","Argentina","ALTURA, FRESQUERO",39.1,"",NA
"CABO BUENA ESPERANZA","","02482","Argentina","ALTURA, FRESQUERO",48.1,"",NA
"CABO BUEN TIEMPO","","025","Argentina","ALTURA, FRESQUERO",41.6,"",NA
"CABO DE HORNOS","","01537","Argentina","ALTURA, FRESQUERO",25,"",701000004
"CABO DOS BAHIAS","","02483","Argentina","ALTURA, FRESQUERO",48.1,"",NA
"CABO SAN JUAN","","023","Argentina","ALTURA, FRESQUERO",41.6,"",NA
"CABO SAN SEBASTIAN","","022","Argentina","ALTURA, FRESQUERO",41.6,"",NA
"CABO TRES PUNTAS","","01483","Argentina","ALTURA, FRESQUERO",31.43,"",NA
"CABO VIRGENES","","024","Argentina","ALTURA, FRESQUERO",41.6,"",NA
"CACIQUE","","MVDEO-7943","Uruguay","B",22.27,"Montevideo",770576103
"CALABRIA","","0567","Argentina","COSTEROS, FRESQUERO",19.63,"",NA
"CALETA PAULA","","02355","Argentina","COSTEROS, FRESQUERO",15.3,"",NA
"CALIZ","","02809","Argentina","COSTEROS, FRESQUERO",20.2,"",NA
"CALLEJA","","01566","Argentina","COSTEROS, FRESQUERO",21.83,"",NA
"CALON I","","MVDEO-5708","Uruguay","B",18.63,"Montevideo",NA
"CALON II","","MVDEO-5709","Uruguay","B",18.63,"Montevideo",770576149
"CAMERIGE","","01406","Argentina","ALTURA, FRESQUERO",27.9,"",NA
"CAMILO II","","0776","Argentina","RADA O RIA, FRESQUERO",14.2,"",NA
"CANAL DE BEAGLE","","0407","Argentina","COSTEROS, FRESQUERO",23.9,"",NA
"CAPESANTE","","02929","Argentina","ALTURA,PROC.CONGELADOR",50.15,"",NA
"CAPITAN GIACHINO","","0151","Argentina","ALTURA,PROC.CONGELADOR",38.42,"",701000668
"CARLO BUTTI","","01970","Argentina","RADA O RIA, FRESQUERO",12.9,"",NA
"CARLOS I","","01014","Argentina","RADA O RIA, FRESQUERO",17.4,"",NA
"CARMELO A","","0405","Argentina","COSTEROS, FRESQUERO",21.83,"",NA
"CARMEN A","","02045","Argentina","COSTEROS, FRESQUERO",15.3,"",NA
"CAROLINA P","","0176","Argentina","ALTURA,PROC.CONGELADOR",71.6,"",NA
"CEFERINO NAMUNCURA","","01608","Argentina","RADA O RIA, FRESQUERO",14.79,"",NA
"CEIBE DOUS","","0336","Argentina","ALTURA,PROC.CONGELADOR",40.7,"",NA
"CENTAURO 2000","","0482","Argentina","ALTURA, FRESQUERO",35.5,"",701019000
"CENTAURO I","","01177","Argentina","RADA O RIA, FRESQUERO",13.1,"",NA
"CENTURION DEL ATLANTICO","","0237","Argentina","ALTURA,PROC.FACTORIA",112.8,"",701027000
"CERES","","01420","Argentina","ALTURA,PROC.CONGELADOR",60.74,"",701000735
"CETUS","","0530","Argentina","ALTURA,PROC.CONGELADOR",59.55,"",NA
"CHATKA I","","02893","Argentina","COSTEROS, FRESQUERO",16.73,"",NA
"CHIARPESCA 56","","01090","Argentina","ALTURA, FRESQUERO",38.3,"",701000778
"CHIARPESCA 902","","02110","Argentina","ALTURA,PROC.CONGELADOR",59.3,"",NA
"CHIARPESCA 903","","02109","Argentina","ALTURA,PROC.CONGELADOR",64.1,"",701000884
"CHOKYU MARU Nº 18.","","02584","Argentina","ALTURA,PROC.CONGELADOR",68.7,"",NA
"CHUBASCO","","01184","Argentina","COSTEROS, FRESQUERO",19.95,"",NA
"CIUDAD DE DIAMANTE","","0527","Argentina","COSTEROS, FRESQUERO",17.45,"",NA
"CIUDAD DE HUELVA","","01519","Argentina","ALTURA, FRESQUERO",27.45,"",NA
"CIUDAD FELIZ","","0910","Argentina","ALTURA, FRESQUERO",28.56,"",NA
"CLAUDINA","","02345","Argentina","ALTURA,PROC.CONGELADOR",53.58,"",NA
"COALSA SEGUNDO","","0790","Argentina","ALTURA,PROC.CONGELADOR",76.2,"",NA
"CODEPECA III","","0506","Argentina","ALTURA,PROC.CONGELADOR",36.81,"",NA
"CODEPECA IV","","01012","Argentina","ALTURA,PROC.CONGELADOR",36.85,"",NA
"COMANDANTE LUIS PIEDRABUENA","","0767","Argentina","ALTURA, FRESQUERO",25,"",NA
"CONARA I","","0201","Argentina","ALTURA,PROC.CONGELADOR",38.67,"",NA
"CONARPESA I","","0200","Argentina","ALTURA,PROC.CONGELADOR",52.5,"",NA
"CONAVAL II","","01180","Argentina","RADA O RIA, FRESQUERO",12.42,"",NA
"CONSTANCIA","","0971","Argentina","COSTEROS, FRESQUERO",21.22,"",NA
"CONTE VIANCAMANO","","0341M","Argentina","RADA O RIA, FRESQUERO",9.8,"",NA
"COPAMAR","","MVDEO-7799","Uruguay","B",20.9,"Montevideo",770576114
"CORAJE","","0645","Argentina","ALTURA, FRESQUERO",28.28,"",NA
"CORAL","","MVDEO-8056","Uruguay","A",58.42,"Montevideo",770576062
"CORAL BLANCO","","0409","Argentina","ALTURA,PROC.CONGELADOR",50.75,"",NA
"CRISTINA ANTONIA","","01824","Argentina","RADA O RIA, FRESQUERO",13.04,"",NA
"CRISTO REDENTOR","","01185","Argentina","ALTURA, FRESQUERO",31,"",NA
"CRISTO REY","","0931","Argentina","RADA O RIA, FRESQUERO",14.37,"",NA
"DANNY","","0520","Argentina","RADA O RIA, FRESQUERO",11.89,"",NA
"DARTESA I","","MVDEO-5381","Uruguay","B",25.5,"Montevideo",NA
"DARTESA II","","MVDEO-5382","Uruguay","B",20.25,"Montevideo",770576185
"DARTESA III","","MVDEO-5668","Uruguay","B",21.7,"Montevideo",770576182
"DARTESA III","","MVDEO-5668","Uruguay","B",21.7,"Montevideo",5668
"DASA 508","","0499","Argentina","ALTURA,PROC.CONGELADOR",52.8,"",701000754
"DASA 757","","02200","Argentina","ALTURA,PROC.CONGELADOR",52.7,"",701000942
"DEPASUR I","","0330","Argentina","ALTURA,PROC.CONGELADOR",53.12,"",701006069
"DESAFIO","","0177","Argentina","ALTURA, FRESQUERO",29.56,"",701006020
"DESAFIO","","0177","Argentina","ALTURA, FRESQUERO",29.56,"",755991086
"DESEADO","","01598","Argentina","COSTEROS, FRESQUERO",19,"",NA
"DIEGO FERNANDO","","02416","Argentina","COSTEROS, FRESQUERO",17.95,"",NA
"DOCK URANO","","01700","Argentina","COSTEROS, FRESQUERO",17.02,"",NA
"DOCTOR JUAN JOSE TRAVERSONI","","030","Argentina","RADA O RIA, FRESQUERO",12,"",NA
"DON AGUSTIN","","0968","Argentina","ALTURA, FRESQUERO",25.6,"",NA
"DON ANTONIO","","029","Argentina","ALTURA, FRESQUERO",27.8,"",701006049
"DON BOCHA","","02921","Argentina","COSTEROS, FRESQUERO",17.98,"",NA
"DON CARLOS I","","02358","Argentina","COSTEROS, FRESQUERO",12.65,"",NA
"DON CARMELO","","01320","Argentina","COSTEROS, FRESQUERO",19.04,"",NA
"DON CAYETANO","","0579","Argentina","ALTURA, FRESQUERO",44.1,"",701000794
"DON CAYETANO","","0579","Argentina","ALTURA, FRESQUERO",44.1,"",7010029
"DON DARIO","","0976","Argentina","COSTEROS, FRESQUERO",15.4,"",NA
"DON DOMINGO","","0319","Argentina","RADA O RIA, FRESQUERO",18.2,"",NA
"DON ESCIPION","","02322","Argentina","COSTEROS, FRESQUERO",23.6,"",NA
"DON FRANCISCO I","","02562","Argentina","ALTURA,PROC.CONGELADOR",66.55,"",701006147
"DON FRANCO","","02955","Argentina","COSTEROS, FRESQUERO",19.94,"",NA
"DON GAETANO","","071","Argentina","ALTURA, FRESQUERO",32.1,"",NA
"DON GIULIANO","","02025","Argentina","COSTEROS, FRESQUERO",17.1,"",NA
"DON JOSE","","0892","Argentina","COSTEROS, FRESQUERO",16.49,"",NA
"DON JOSE DI BONA","","02241","Argentina","COSTEROS, FRESQUERO",19.85,"",NA
"DON JUAN.","","01397","Argentina","ALTURA, FRESQUERO",27,"",NA
"DON JUAN D'AMBRA","","01884","Argentina","ALTURA, FRESQUERO",58.75,"",NA
"DON LUCIANO","","069","Argentina","ALTURA, FRESQUERO",48.62,"",701000808
"DON LUIS I","","02093","Argentina","ALTURA,PROC.CONGELADOR",67.95,"",701000940
"DON MARIO","","01400","Argentina","RADA O RIA, FRESQUERO",16.5,"",NA
"DON MIGUEL I","","0748","Argentina","ALTURA, FRESQUERO",26.6,"",NA
"DON NATALIO","","01183","Argentina","ALTURA, FRESQUERO",36,"",NA
"DON NICOLA","","0893","Argentina","ALTURA, FRESQUERO",28.14,"",701038000
"DON NINO","","0923","Argentina","RADA O RIA, FRESQUERO",15,"",NA
"DON OSCAR","","02184","Argentina","COSTEROS, FRESQUERO",16.25,"",NA
"DON PABLO PENNISI","","0960","Argentina","RADA O RIA, FRESQUERO",13.08,"",NA
"DON PEDRO.","","068","Argentina","ALTURA,PROC.CONGELADOR",73.6,"",NA
"DON RAIMUNDO","","01431","Argentina","ALTURA, FRESQUERO",25.6,"",NA
"DON RAUL","","02609","Argentina","COSTEROS, FRESQUERO",12.25,"",NA
"DON SALVADOR","","02700","Argentina","COSTEROS, FRESQUERO",12.9,"",NA
"DON SANTIAGO","","01733","Argentina","ALTURA, FRESQUERO",26.55,"",701000818
"DON SANTIAGO","","01733","Argentina","ALTURA, FRESQUERO",26.55,"",770576309
"DON TOMASSO","","02310","Argentina","COSTEROS, FRESQUERO",17,"",NA
"DON TURI","","01540","Argentina","ALTURA, FRESQUERO",26,"",701006028
"DON VICENTE VUOSO","","0539","Argentina","COSTEROS, FRESQUERO",20.69,"",701000822
"DOÑA ALFIA","","0512","Argentina","COSTEROS, FRESQUERO",20.7,"",NA
"DOÑA MANUELA","","0694","Argentina","RADA O RIA, FRESQUERO",15.05,"",NA
"DOY GRACIAS A DIOS","","0222","Argentina","RADA O RIA, FRESQUERO",15.45,"",NA
"DR. CARLOS OTTOLENGHI","","02188","Argentina","COSTEROS, FRESQUERO",16.4,"",NA
"DUE FRATELLI","","01503","Argentina","RADA O RIA, FRESQUERO",13.91,"",NA
"DUKAT","","02775","Argentina","ALTURA,PROC.CONGELADOR",50.8,"",701006427
"ECHIZEN MARU","","0326","Argentina","ALTURA,PROC.FACTORIA",89.59,"",701068000
"EL BARBA NEGRA","","02847","Argentina","COSTEROS, FRESQUERO",16.55,"",NA
"EL FARO","","01117","Argentina","COSTEROS, FRESQUERO",22.27,"",NA
"EL GAUCHITO","","02421","Argentina","COSTEROS, FRESQUERO",15,"",NA
"EL MALO I","","02350","Argentina","COSTEROS, FRESQUERO",15.3,"",NA
"EL MARISCO I","","0912","Argentina","ALTURA, FRESQUERO",27.22,"",NA
"EL MARISCO II","","0915","Argentina","ALTURA, FRESQUERO",56.3,"",701007040
"EL PRINCIPE AZUL","","0906","Argentina","RADA O RIA, FRESQUERO",13.25,"",NA
"EL SANTO","","01526","Argentina","COSTEROS, FRESQUERO",24.95,"",NA
"EL TEHUELCHE","","02565","Argentina","COSTEROS, FRESQUERO",17.4,"",NA
"EL VENCEDOR","","02619","Argentina","RADA O RIA, FRESQUERO",14.5,"",NA
"EMILIA MARIA","","01390","Argentina","COSTEROS, FRESQUERO",22.6,"",NA
"EMPERADOR","","MVDEO-7867","Uruguay","B",21.17,"Montevideo",770576131
"EMPESUR I","","01437","Argentina","ALTURA,PROC.CONGELADOR",31,"",701000642
"EMPESUR II","","01439","Argentina","ALTURA,PROC.CONGELADOR",31,"",NA
"EMPESUR III","","01438","Argentina","ALTURA,PROC.CONGELADOR",31,"",NA
"EMPESUR IV","","01440","Argentina","ALTURA,PROC.CONGELADOR",32.05,"",701000840
"EMPESUR V","","02650","Argentina","ALTURA,PROC.CONGELADOR",30.52,"",701006204
"EMPESUR VI","","02983","Argentina","ALTURA,PROC.CONGELADOR",35.03,"",NA
"EMPESUR VII","","02122","Argentina","",35.03,"",NA
"ENRIQUE F","","02360","Argentina","COSTEROS, FRESQUERO",16.9,"",NA
"ENTRENA DOS","","02070","Argentina","ALTURA,PROC.CONGELADOR",33.1,"",701078000
"ENTRENA UNO","","02069","Argentina","ALTURA,PROC.CONGELADOR",33.1,"",701079000
"ERIN BRUCE","","0537","Argentina","ALTURA,PROC.CONGELADOR",53.6,"",NA
"ESAMAR Nº 4","","0467","Argentina","ALTURA,PROC.CONGELADOR",54.8,"",NA
"ESPADARTE","","02048","Argentina","ALTURA,PROC.CONGELADOR",68.2,"",701000878
"ESPARTACO","","MVDEO-7653","Uruguay","B",20.5,"Montevideo",770576111
"ESPERANZA 909","","02577","Argentina","ALTURA,PROC.CONGELADOR",72.34,"",NA
"ESPERANZA DOS","","0172","Argentina","ALTURA,PROC.CONGELADOR",53,"",NA
"ES POSIBLE","","0966","Argentina","RADA O RIA, FRESQUERO",12.85,"",NA
"ES POSIBLE II","","0965","Argentina","RADA O RIA, FRESQUERO",12.85,"",NA
"ESTEFANY","","01583","Argentina","COSTEROS, FRESQUERO",23.6,"",NA
"ESTEIRO","","01887","Argentina","ALTURA, FRESQUERO",38.1,"",701000636
"ESTHER 153","","02058","Argentina","ALTURA,PROC.CONGELADOR",55.1,"",701000875
"ESTRELLA N° 5","","0246","Argentina","ALTURA,PROC.CONGELADOR",54.2,"",NA
"ESTRELLA N° 6","","012","Argentina","ALTURA,PROC.CONGELADOR",55.85,"",NA
"ESTRELLA Nº 11","","02575","Argentina","ALTURA,PROC.CONGELADOR",64.72,"",NA
"ESTRELLITA","","01115","Argentina","RADA O RIA, FRESQUERO",15.38,"",NA
"ETERNO SAN JOSE","","01493","Argentina","RADA O RIA, FRESQUERO",13.41,"",NA
"EURO II","","02314","Argentina","COSTEROS, FRESQUERO",20.1,"",NA
"EXPRESO OPTIMO 2","","MVDEO-6940","Uruguay","B",21.35,"Montevideo",NA
"FE EN DIOS","","01187","Argentina","COSTEROS, FRESQUERO",17.31,"",NA
"FEIXA","","0529","Argentina","ALTURA, FRESQUERO",41.5,"",701000850
"FELISITAS","","02141","Argentina","RADA O RIA, FRESQUERO",15.6,"",NA
"FELIX AUGUSTO","","0581","Argentina","ALTURA,PROC.CONGELADOR",27.8,"",NA
"FERNANDO ALVAREZ","","013","Argentina","ALTURA,PROC.CONGELADOR",36.6,"",701000658
"FIDES FE I","","01531","Argentina","COSTEROS, FRESQUERO",20.67,"",NA
"FIDES FE II","","01325","Argentina","COSTEROS, FRESQUERO",23.8,"",NA
"FIESTA","","01446","Argentina","COSTEROS, FRESQUERO",18.8,"",NA
"FLORIDABLANCA","","0969","Argentina","ALTURA, FRESQUERO",27.67,"",NA
"FLORIDABLANCA IV","","0255","Argentina","ALTURA,PROC.CONGELADOR",34.98,"",NA
"FLORIDA S-1","","MVDEO-1756","Uruguay","B",27,"Montevideo",NA
"FONSECA","","0920","Argentina","ALTURA,PROC.CONGELADOR",62.4,"",701006042
"FRANCA","","0495","Argentina","ALTURA, FRESQUERO",27.29,"",NA
"FRANCO","","01458","Argentina","ALTURA, FRESQUERO",32.53,"",NA
"FRANCO JOSE","","02984","Argentina","COSTEROS, FRESQUERO",19.94,"",NA
"FUEGUINO I","","0331","Argentina","ALTURA,PROC.CONGELADOR",52.25,"",NA
"GALA","","02722","Argentina","COSTEROS, FRESQUERO",15.2,"",NA
"GALEMAR","","0904","Argentina","ALTURA, FRESQUERO",54.4,"",NA
"GAUCHO GRANDE","","0339","Argentina","ALTURA, FRESQUERO",28.5,"",NA
"GEMINIS","","01421","Argentina","ALTURA,PROC.CONGELADOR",68.9,"",701006044
"GIARDINI","","0778","Argentina","RADA O RIA, FRESQUERO",12.15,"",NA
"GIULIANA.","","02633","Argentina","ALTURA,PROC.CONGELADOR",63.89,"",NA
"GLORIA DEL MAR I","","01983","Argentina","ALTURA,PROC.CONGELADOR",54.3,"",NA
"GLORIOSUS","","02626","Argentina","COSTEROS, FRESQUERO",16.26,"",NA
"GOLFO SAN MATIAS","","0362","Argentina","ALTURA, FRESQUERO",24.46,"",NA
"GRACIELA","","0578","Argentina","ALTURA, FRESQUERO",44.1,"",NA
"GRAN CAPITAN","","01538","Argentina","ALTURA, FRESQUERO",25.43,"",NA
"GURISES","","01386","Argentina","ALTURA, FRESQUERO",25.2,"",NA
"GUSTAVO R","","075","Argentina","ALTURA, FRESQUERO",68.3,"",NA
"HAMPON","","01410","Argentina","COSTEROS, FRESQUERO",18.99,"",NA
"HARENGUS","","0510","Argentina","ALTURA,PROC.CONGELADOR",80.75,"",701000876
"HECHICERO","","MVDEO-7788","Uruguay","B",20.9,"Montevideo",338151236
"HECHICERO","","MVDEO-7788","Uruguay","B",20.9,"Montevideo",770576142
"HOPE N°7","","0788","Argentina","ALTURA,PROC.CONGELADOR",50.6,"",NA
"HOYO MARU Nº 37","","02624","Argentina","ALTURA,PROC.CONGELADOR",64.12,"",NA
"HUAFENG 801","","03013","Argentina","ALTURA,PROC.CONGELADOR",65.04,"",NA
"HUAFENG 802","","03014","Argentina","ALTURA,PROC.CONGELADOR",65.04,"",NA
"HUA I N°616","","0392","Argentina","ALTURA,PROC.CONGELADOR",59.8,"",NA
"HUYU 906","","03026","Argentina","ALTURA,PROC.CONGELADOR",65.92,"",NA
"HUYU 907","","03027","Argentina","ALTURA,PROC.CONGELADOR",72.17,"",NA
"IGLU I","","01423","Argentina","ALTURA, FRESQUERO",32.75,"",NA
"INARI MARU N°25","","0261","Argentina","ALTURA,PROC.CONGELADOR",54.25,"",NA
"INDOMABLE","","02347","Argentina","COSTEROS, FRESQUERO",16.1,"",NA
"INDOMITO","","01484","Argentina","RADA O RIA, FRESQUERO",15.86,"",NA
"INFINITUS PEZ","","01472","Argentina","ALTURA, FRESQUERO",24.82,"",NA
"INITIO PEZ","","01471","Argentina","ALTURA, FRESQUERO",24.85,"",NA
"INSIGNIA I","","MVDEO-7285","Uruguay","B",27.15,"Montevideo",NA
"INSOLITO","","0758","Argentina","COSTEROS, FRESQUERO",22.7,"",NA
"ISLA DE CAPRI","","0903","Argentina","RADA O RIA, FRESQUERO",12.92,"",NA
"ITALIA","","0973","Argentina","RADA O RIA, FRESQUERO",14.07,"",NA
"ITXAS LUR","","0927","Argentina","ALTURA,PROC.CONGELADOR",63.3,"",701000786
"JESUS DE NAZARETH","","0710","Argentina","RADA O RIA, FRESQUERO",14.65,"",NA
"JUAN ALVAREZ","","0619","Argentina","ALTURA,PROC.CONGELADOR",36.6,"",701006059
"JUAN MARIO","","02467","Argentina","RADA O RIA, FRESQUERO",15.4,"",NA
"JUAN PABLO II","","02695","Argentina","COSTEROS, FRESQUERO",18.99,"",NA
"JUDITH I","","0908","Argentina","ALTURA, FRESQUERO",30.45,"",NA
"JUEVES SANTO","","0667","Argentina","ALTURA,PROC.CONGELADOR",39.5,"",NA
"JUPITER","","0483","Argentina","COSTEROS, FRESQUERO",24,"",701000924
"JUPITER","","0483","Argentina","COSTEROS, FRESQUERO",24,"",311028600
"JUPITER II","","0406","Argentina","ALTURA, FRESQUERO",27.9,"",NA
"KALEU KALEU","","01963","Argentina","ALTURA,PROC.CONGELADOR",36.12,"",NA
"KANTXOPE","","01065","Argentina","ALTURA, FRESQUERO",50.1,"",701000834
"KANTXOPE","","01065","Argentina","ALTURA, FRESQUERO",50.1,"",701000894
"KARINA","","01462","Argentina","ALTURA, FRESQUERO",32.53,"",NA
"KRIOS","","MVDEO-7904","Uruguay","B",21.42,"Montevideo",770576187
"LA CRUZ DEL SUD","","01902","Argentina","RADA O RIA, FRESQUERO",14.62,"",NA
"LA CRUZ DEL SUR","","01909","Argentina","RADA O RIA, FRESQUERO",17.25,"",770576104
"LA CRUZ DEL SUR","","MVDEO-7791","Uruguay","B",30.65,"Montevideo",770576104
"LAIA","","0254","Argentina","ALTURA,PROC.CONGELADOR",53,"",701000743
"LA JULIA","","01193","Argentina","RADA O RIA, FRESQUERO",13.9,"",NA
"LANZA SECA","","01181","Argentina","ALTURA, FRESQUERO",24.8,"",NA
"LA PALOMA I","","MVDEO-6093","Uruguay","B",20.85,"Montevideo",NA
"LA PASCUALA","","01178","Argentina","RADA O RIA, FRESQUERO",13.25,"",NA
"LA SANTA MARIA I","","02324","Argentina","COSTEROS, FRESQUERO",22.89,"",NA
"LAS DOS HERMANAS","","0967","Argentina","RADA O RIA, FRESQUERO",12.97,"",NA
"LATINA N°8","","0291","Argentina","ALTURA,PROC.CONGELADOR",55.9,"",NA
"LEAL","","0143","Argentina","ALTURA, FRESQUERO",27.45,"",NA
"LEKHAN I","","0752","Argentina","RADA O RIA, FRESQUERO",18.45,"",NA
"LEOAN","","0894","Argentina","COSTEROS, FRESQUERO",17.5,"",NA
"LETARE","","0245","Argentina","ALTURA, FRESQUERO",24.88,"",NA
"LIBERTAD","","0355","Argentina","COSTEROS, FRESQUERO",18.2,"",NA
"LIBERTAD DEL MAR I","","02186","Argentina","ALTURA,PROC.CONGELADOR",68.25,"",NA
"LILIANA","","0206F","Argentina","RADA O RIA, FRESQUERO",14.43,"",NA
"LUCA MARIO","","0546","Argentina","ALTURA,PROC.CONGELADOR",79.14,"",701042000
"LUCIA LUISA","","0623","Argentina","ALTURA, FRESQUERO",27.9,"",NA
"LUCILA DEL MAR","","02539","Argentina","COSTEROS, FRESQUERO",12.92,"",NA
"LUNES SANTO","","01132","Argentina","ALTURA,PROC.CONGELADOR",35.9,"",701006003
"MABEL","","0206","Argentina","RADA O RIA, FRESQUERO",15.52,"",NA
"MADONNA DI GIARDINI","","01507","Argentina","RADA O RIA, FRESQUERO",16.15,"",NA
"MADONNINA DEL MARE","","01112","Argentina","COSTEROS, FRESQUERO",23.78,"",NA
"MADRE DIVINA","","01556","Argentina","ALTURA, FRESQUERO",26.12,"",NA
"MADRE INMACULADA","","02378","Argentina","ALTURA,PROC.CONGELADOR",62.8,"",NA
"MADRE MARGARITA","","02728","Argentina","ALTURA, FRESQUERO",25.6,"",NA
"MAGDALENA","","02325","Argentina","ALTURA,PROC.CONGELADOR",32.7,"",701000558
"MAGRITTE","","01813","Argentina","ALTURA, FRESQUERO",40.04,"",701000791
"MAL LLEVADO","","0646","Argentina","RADA O RIA, FRESQUERO",9.6,"",NA
"MALVINAS ARGENTINAS","","0577","Argentina","ALTURA, FRESQUERO",29.15,"",NA
"MAMA ROSA","","0964","Argentina","RADA O RIA, FRESQUERO",16.15,"",NA
"MANDRAKE I","","MVDEO-7665","Uruguay","B",27,"Montevideo",NA
"MANTO SAGRADO","","060","Argentina","RADA O RIA, FRESQUERO",15.08,"",NA
"MARA I","","0210","Argentina","ALTURA,PROC.CONGELADOR",35.31,"",701000649
"MAR AUSTRAL I","","0208","Argentina","ALTURA,PROC.CONGELADOR",37.6,"",701000652
"MAR AZUL","","0934","Argentina","ALTURA, FRESQUERO",47.45,"",NA
"MARBELLA","","01073","Argentina","ALTURA, FRESQUERO",27.38,"",NA
"MARCALA I","","0352","Argentina","ALTURA, FRESQUERO",50.8,"",NA
"MAR DEL CHUBUT","","0487","Argentina","ALTURA, FRESQUERO",28.2,"",NA
"MAR DE ORO","","0548","Argentina","ALTURA,PROC.CONGELADOR",28.2,"",NA
"MAREJADA","","01107","Argentina","ALTURA, FRESQUERO",28.5,"",NA
"MAR ESMERALDA","","0925","Argentina","ALTURA, FRESQUERO",53.35,"",701000830
"MARGOT","","0360","Argentina","ALTURA, FRESQUERO",58.75,"",701006066
"MARIA DEL VALLE","","02126","Argentina","COSTEROS, FRESQUERO",16.29,"",NA
"MARIA EUGENIA","","01173","Argentina","ALTURA,PROC.CONGELADOR",51.95,"",NA
"MARIA FLORENCIA","","01746","Argentina","COSTEROS, FRESQUERO",22.6,"",NA
"MARIA GLORIA","","02738","Argentina","ALTURA, FRESQUERO",28.05,"",701006341
"MARIA GRACIA","","0195","Argentina","COSTEROS, FRESQUERO",24.05,"",701000725
"MARIA JOSEFINA","","0771","Argentina","RADA O RIA, FRESQUERO",13,"",NA
"MARIA LAURA I","","MVDEO-6948","Uruguay","B",25,"Montevideo",NA
"MARIA LILIANA","","01174","Argentina","ALTURA,PROC.CONGELADOR",53.75,"",701000645
"MARIA MARTA","","0774","Argentina","RADA O RIA, FRESQUERO",13.2,"",NA
"MARIANELA","","01002","Argentina","ALTURA, FRESQUERO",25.6,"",NA
"MARIANNE","","MVDEO-7886","Uruguay","A",43.92,"Montevideo",NA
"MARIA RITA","","0436","Argentina","ALTURA, FRESQUERO",30.95,"",NA
"MARIA ROSA","","01068","Argentina","RADA O RIA, FRESQUERO",12.99,"",NA
"MARIA SOLEDAD","","0570","Argentina","COSTEROS, FRESQUERO",22.3,"",NA
"MARIA SUSANA","","02103","Argentina","COSTEROS, FRESQUERO",15.3,"",NA
"MARILUZ","","0958","Argentina","RADA O RIA, FRESQUERO",15.46,"",NA
"MARIO R","","01394","Argentina","COSTEROS, FRESQUERO",22.6,"",NA
"MAR MARÍA","","02960","Argentina","ALTURA,PROC.CONGELADOR",37.8,"",NA
"MAR SUR","","0341","Argentina","ALTURA,PROC.CONGELADOR",36.4,"",701000639
"MARTA S","","01001","Argentina","COSTEROS, FRESQUERO",24.05,"",NA
"MARYSOL","","01389","Argentina","COSTEROS, FRESQUERO",19.24,"",NA
"MATEO I","","02172","Argentina","ALTURA,PROC.CONGELADOR",67.97,"",701000551
"MELLINO I","","0379","Argentina","ALTURA, FRESQUERO",47.25,"",701000793
"MELLINO VI","","0378","Argentina","ALTURA, FRESQUERO",64.87,"",701006037
"MERCEA C","","0318","Argentina","ALTURA, FRESQUERO",29.15,"",701000583
"MESSINA I","","01089","Argentina","ALTURA, FRESQUERO",27.29,"",NA
"MEVIMAR","","01508","Argentina","ALTURA,PROC.CONGELADOR",37.45,"",701000619
"MIERCOLES SANTO","","0666","Argentina","ALTURA,PROC.CONGELADOR",38.5,"",NA
"MILLENNIUM","","0466","Argentina","ALTURA,PROC.CONGELADOR",55.05,"",NA
"MI LUCHA","","01026","Argentina","RADA O RIA, FRESQUERO",14.2,"",NA
"MINCHOS OCTAVO","","3022","Argentina","",39.3,"",NA
"MINTA","","02196","Argentina","ALTURA,PROC.CONGELADOR",65.1,"",701000689
"MIRIAM","","0370","Argentina","ALTURA,PROC.CONGELADOR",36.35,"",NA
"MIRTA R","","02627","Argentina","COSTEROS, FRESQUERO",15.5,"",NA
"MISAL","","02972","Argentina","COSTEROS, FRESQUERO",19.94,"",NA
"MISHIMA MARU N°8","","02175","Argentina","ALTURA,PROC.CONGELADOR",63.43,"",NA
"MISS PATAGONIA","","0555","Argentina","ALTURA,PROC.CONGELADOR",28.2,"",NA
"MISS TIDE","","02439","Argentina","ALTURA,PROC.CONGELADOR",52.52,"",NA
"MIURA MARU","","0970","Argentina","ALTURA,PROC.CONGELADOR",53.2,"",701000623
"MOUSE SEIF","","MVDEO-8618","Uruguay","C",21.68,"Montevideo",NA
"MYRDOMA F","","02771","Argentina","ALTURA,PROC.CONGELADOR",38.55,"",701097000
"NANINA","","02576","Argentina","ALTURA,PROC.CONGELADOR",72.08,"",701006140
"NATALE","","0711","Argentina","ALTURA, FRESQUERO",19.54,"",NA
"NATALIA","","02066","Argentina","ALTURA,PROC.CONGELADOR",68.45,"",NA
"NAVEGANTES","","0542","Argentina","ALTURA,PROC.CONGELADOR",58,"",701000732
"NAVEGANTES II","","01451","Argentina","ALTURA,PROC.CONGELADOR",63.7,"",701006056
"NAVEGANTES III","","02065","Argentina","ALTURA,PROC.CONGELADOR",68.6,"",701006085
"NDDANDDU","","0141","Argentina","ALTURA,PROC.CONGELADOR",28.2,"",NA
"NEPTUNIA I","","02125","Argentina","COSTEROS, FRESQUERO",17.32,"",NA
"NEPTUNIA II","","02594","Argentina","RADA O RIA, FRESQUERO",14.25,"",NA
"NILTO I","","MVDEO-7887","Uruguay","A",43.92,"Montevideo",770576135
"Nº 606 TAE BAEK","","02361","Argentina","ALTURA,PROC.CONGELADOR",55.22,"",NA
"Nº 75 TAE BAEK","","02364","Argentina","ALTURA,PROC.CONGELADOR",55.7,"",NA
"NONI II","","MVDEO-7941","Uruguay","B",21.94,"Montevideo",770576102
"NONO PASCUAL","","02854","Argentina","COSTEROS, FRESQUERO",24,"",NA
"NORMAN","","01381","Argentina","COSTEROS, FRESQUERO",21.05,"",NA
"NUEVA ANGELA MADRE","","0792","Argentina","RADA O RIA, FRESQUERO",13.45,"",NA
"NUEVA AUGUSTA","","0956","Argentina","RADA O RIA, FRESQUERO",14.7,"",NA
"NUEVA MADONNA DE LA GRACIA","","01189","Argentina","RADA O RIA, FRESQUERO",12.7,"",NA
"NUEVA NEPTUNIA I","","02634","Argentina","COSTEROS, FRESQUERO",20,"",NA
"NUEVA NUNCIA CONTI","","01192","Argentina","RADA O RIA, FRESQUERO",13.04,"",NA
"NUEVA PREFERIDA","","0227","Argentina","RADA O RIA, FRESQUERO",12,"",NA
"NUEVA SAN ANTONINO ABATE","","0772","Argentina","RADA O RIA, FRESQUERO",12.7,"",NA
"NUEVA SANTA LUCIA","","0962","Argentina","RADA O RIA, FRESQUERO",17,"",NA
"NUEVA SIRACUSA","","0963","Argentina","RADA O RIA, FRESQUERO",13.29,"",NA
"NUEVA VIRGEN DE LUJAN","","01599","Argentina","RADA O RIA, FRESQUERO",17.1,"",NA
"NUEVO ANITA","","02100","Argentina","ALTURA,PROC.CONGELADOR",30.9,"",NA
"NUEVO BUENOS AIRES QUERIDO","","0953","Argentina","RADA O RIA, FRESQUERO",11.98,"",NA
"NUEVO RUMBO","","0528","Argentina","COSTEROS, FRESQUERO",17.95,"",NA
"NUEVO SIEMPRE GAUCHO","","01188","Argentina","RADA O RIA, FRESQUERO",16.85,"",NA
"NUEVO VIENTO","","01449","Argentina","ALTURA, FRESQUERO",22.23,"",NA
"OMEGA 3","","01391","Argentina","COSTEROS, FRESQUERO",17.9,"",NA
"ORION 1","","01943","Argentina","ALTURA,PROC.CONGELADOR",53.25,"",NA
"ORION 2","","01942","Argentina","ALTURA,PROC.CONGELADOR",53.25,"",NA
"ORION 3","","02167","Argentina","ALTURA,PROC.CONGELADOR",63.1,"",NA
"ORION 5","","02637","Argentina","ALTURA,PROC.CONGELADOR",65.62,"",701006183
"ORION I","","01497","Argentina","COSTEROS, FRESQUERO",20.9,"",701000858
"ORYONG 756","","02092","Argentina","ALTURA,PROC.CONGELADOR",51.66,"",701000879
"O'SURRIENTO","","01191","Argentina","RADA O RIA, FRESQUERO",13.65,"",NA
"PACHACA","","02572","Argentina","COSTEROS, FRESQUERO",17.64,"",NA
"PADRE PIO","","02822","Argentina","COSTEROS, FRESQUERO",24,"",NA
"PAGRUS II","","01393","Argentina","COSTEROS, FRESQUERO",17.9,"",NA
"PAKU","","0250","Argentina","ALTURA,PROC.CONGELADOR",39.16,"",NA
"PAOLA S","","0557","Argentina","ALTURA, FRESQUERO",28.25,"",701000819
"PATAGONIA","","0284","Argentina","ALTURA, FRESQUERO",30.95,"",NA
"PATAGONIA 1","","02163","Argentina","ALTURA,PROC.CONGELADOR",51.9,"",NA
"PATAGONIA 2","","02164","Argentina","ALTURA,PROC.CONGELADOR",51.9,"",701000673
"PATAGONIA BLUES","","02176","Argentina","ALTURA,PROC.CONGELADOR",60.35,"",NA
"PENSACOLA I","","0747","Argentina","ALTURA, FRESQUERO",25.2,"",NA
"PESCAPUERTA QUINTO","","0538","Argentina","ALTURA,PROC.CONGELADOR",63.1,"",NA
"PESCARGEN III","","021","Argentina","ALTURA,PROC.CONGELADOR",63.2,"",701000823
"PESCARGEN IV","","0150","Argentina","ALTURA,PROC.CONGELADOR",63.2,"",NA
"PESCARGEN V","","078","Argentina","ALTURA,PROC.CONGELADOR",60.22,"",701000629
"PETREL","","01445","Argentina","ALTURA, FRESQUERO",29.85,"",NA
"PEVEGASA QUINTO","","02312","Argentina","ALTURA,PROC.CONGELADOR",38.65,"",701000562
"PINTAMAR","","MVDEO-7486","Uruguay","B",24.48,"Montevideo",NA
"PIONEROS","","02735","Argentina","ALTURA, FRESQUERO",35.97,"",701006405
"PONTE CORUXO","","0975","Argentina","ALTURA, FRESQUERO",52.85,"",701000756
"PONTE DE RANDE","","0244","Argentina","ALTURA,PROC.CONGELADOR",79.14,"",701006073
"POPA","","02384","Argentina","COSTEROS, FRESQUERO",23.4,"",NA
"PORTO BELO I","","02699","Argentina","COSTEROS, FRESQUERO",23.98,"",NA
"PORTO BELO II","","02790","Argentina","COSTEROS, FRESQUERO",23.98,"",NA
"PRIMERA MARIA MADRE","","01500","Argentina","RADA O RIA, FRESQUERO",12.91,"",NA
"PROA PIONEER","","MVDEO-8516","Uruguay","D",42.19,"Montevideo",770576305
"PROMAC","","0285","Argentina","ALTURA, FRESQUERO",33.45,"",701006080
"PROMARSA I","","072","Argentina","ALTURA, FRESQUERO",43.82,"",NA
"PROMARSA II","","073","Argentina","ALTURA, FRESQUERO",43.82,"",NA
"PROMARSA III","","02096","Argentina","ALTURA,PROC.CONGELADOR",35.84,"",NA
"PROMAR XXI","","MVDEO-7883","Uruguay","B",24.75,"Montevideo",770576096
"PROMAR XXII","","MVDEO-7884","Uruguay","B",24.75,"Montevideo",770576122
"PROMOPES I","","MVDO-6630","Uruguay","A",29.19,"Montevideo",770576124
"PROMOPES II","","MVDEO-6944","Uruguay","A",30.76,"Montevideo",NA
"PUCARA","","01822","Argentina","COSTEROS, FRESQUERO",24.3,"",701000844
"PUENTE CHICO","","0756","Argentina","ALTURA,PROC.CONGELADOR",37,"",701000772
"PUENTE MAYOR","","02630","Argentina","ALTURA,PROC.CONGELADOR",66.86,"",701006168
"PUENTE SAN JORGE","","0207","Argentina","ALTURA,PROC.CONGELADOR",35.3,"",701000648
"PUENTE VALDES","","02205","Argentina","ALTURA,PROC.CONGELADOR",58.15,"",701000691
"PUNTA MOGOTES","","01907","Argentina","COSTEROS, FRESQUERO",20.7,"",538002603
"QIAN LIAN - 2","","MVDEO-8362","Uruguay","B",23.04,"Montevideo",NA
"QUE DIOS SE LO PAGUE","","0647","Argentina","RADA O RIA, FRESQUERO",13.73,"",NA
"QUE LE IMPORTA","","01355","Argentina","COSTEROS, FRESQUERO",18.4,"",NA
"QUEQUEN SALADO","","0580","Argentina","COSTEROS, FRESQUERO",19.45,"",NA
"QUIQUETA","","01076","Argentina","ALTURA, FRESQUERO",25.2,"",NA
"RAFFAELA","","01401","Argentina","ALTURA, FRESQUERO",26.5,"",NA
"RASMUS EFFERSOE","","02703","Argentina","ALTURA,PROC.CONGELADOR",44.6,"",701006300
"RAWSON","","01569","Argentina","COSTEROS, FRESQUERO",23.5,"",NA
"RAYO DEL MAR","","0918","Argentina","ALTURA, FRESQUERO",27.1,"",NA
"RAYO DE SOL","","0690","Argentina","COSTEROS, FRESQUERO",15.67,"",NA
"REGINA MADRE","","01659","Argentina","RADA O RIA, FRESQUERO",13.76,"",NA
"REPUNTE","","01120","Argentina","ALTURA, FRESQUERO",32.7,"",NA
"RIANXO","","MVDEO-7767","Uruguay","B",20.99,"Montevideo",770576121
"RIANXO","","MVDEO-7767","Uruguay","B",20.99,"Montevideo",770576123
"RIANXO","","MVDEO-7767","Uruguay","B",20.99,"Montevideo",770445051
"RIBAZON INES","","0751","Argentina","ALTURA, FRESQUERO",38.5,"",701000902
"RIGEL","","0266","Argentina","ALTURA, FRESQUERO",26.23,"",NA
"RIO SOLIS II","","MVDEO-8341","Uruguay","",57.79,"Montevideo",770576186
"RIO SOLIS III","","MVDEO-8595","Uruguay","",57.79,"Montevideo",NA
"ROCIO DEL MAR","","01568","Argentina","ALTURA, FRESQUERO",22.6,"",NA
"RONDINE","","01600","Argentina","RADA O RIA, FRESQUERO",12.95,"",NA
"ROSA MISTICA I","","01957","Argentina","COSTEROS, FRESQUERO",16.65,"",NA
"ROSARIO G","","0549","Argentina","ALTURA,PROC.CONGELADOR",26.74,"",NA
"RUMBO ESPERANZA","","01211","Argentina","ALTURA, FRESQUERO",25,"",NA
"S-5 LAVALLEJA","","MVDEO-5445","Uruguay","B",26,"Montevideo",NA
"SAGRADO CORAZON","","01900","Argentina","COSTEROS, FRESQUERO",22.3,"",701007014
"SAGRARIO","","02973","Argentina","COSTEROS, FRESQUERO",19.94,"",NA
"SALVADOR R","","02755","Argentina","COSTEROS, FRESQUERO",25.7,"",NA
"SAN ADRIAN","","0777","Argentina","RADA O RIA, FRESQUERO",14.4,"",NA
"SAN ANDRES APOSTOL","","0569","Argentina","ALTURA, FRESQUERO",54.56,"",701000755
"SAN ANTONINO","","01078","Argentina","RADA O RIA, FRESQUERO",16.2,"",NA
"SAN ANTONINO.","","0375","Argentina","ALTURA, FRESQUERO",26.7,"",NA
"SAN ANTONINO III","","0438","Argentina","ALTURA, FRESQUERO",23.82,"",NA
"SAN ARAWA II","","02098","Argentina","ALTURA,PROC.CONGELADOR",56.46,"",NA
"SAN BENEDETTO","","02643","Argentina","COSTEROS, FRESQUERO",15.38,"",NA
"SAN CARLOS","","0775","Argentina","RADA O RIA, FRESQUERO",13,"",NA
"SAN CAYETANO I","","01022","Argentina","ALTURA, FRESQUERO",24.14,"",NA
"SAN FRANCISCO","","0682M","Argentina","COSTEROS, FRESQUERO",11.78,"",770576060
"SAN GENARO","","0763","Argentina","ALTURA, FRESQUERO",25.6,"",NA
"SAN GIUSEPPE II","","02335","Argentina","COSTEROS, FRESQUERO",19.9,"",NA
"SAN JORGE","","01597","Argentina","RADA O RIA, FRESQUERO",14.43,"",NA
"SAN JORGE MARTIR","","02152","Argentina","ALTURA, FRESQUERO",56.1,"",701000591
"SAN JOSE SEGUNDO","","0108M","Argentina","RADA O RIA, FRESQUERO",11,"",NA
"SAN JUAN JOSE","","0396M","Argentina","RADA O RIA, FRESQUERO",13.03,"",NA
"SAN MATEO","","070","Argentina","ALTURA,PROC.CONGELADOR",54.1,"",NA
"SAN MATIAS.","","0289","Argentina","ALTURA, FRESQUERO",34.1,"",NA
"SAN PASCUAL","","0367","Argentina","ALTURA, FRESQUERO",25.6,"",NA
"SAN PEDRO APOSTOL","","01975","Argentina","COSTEROS, FRESQUERO",26,"",NA
"SAN SALVADOR","","01196","Argentina","RADA O RIA, FRESQUERO",14.93,"",NA
"SAN SALVADOR II","","01434","Argentina","COSTEROS, FRESQUERO",19.4,"",NA
"SANTA ANA","","0339M","Argentina","RADA O RIA, FRESQUERO",11,"",NA
"SANTA ANGELA","","09","Argentina","ALTURA, FRESQUERO",57.3,"",NA
"SANTA BARBARA","","01885","Argentina","ALTURA, FRESQUERO",56.96,"",372230000
"SANTA BARBARA","","01885","Argentina","ALTURA, FRESQUERO",56.96,"",218538000
"SANTA BARBARA","","01885","Argentina","ALTURA, FRESQUERO",56.96,"",566801000
"SANTA MARIA DEL MAR","","MVDEO-6043","Uruguay","B",20.78,"Montevideo",NA
"SANTA MARIA MADRE","","02615","Argentina","COSTEROS, FRESQUERO",20.5,"",NA
"SANT'ANGELO","","0425","Argentina","COSTEROS, FRESQUERO",22.6,"",NA
"SANT'ANTONIO","","0974","Argentina","ALTURA, FRESQUERO",25.2,"",NA
"SANTIAGO I","","02280","Argentina","ALTURA,PROC.CONGELADOR",30.5,"",701000561
"SANTO VITO DI MAZZARA","","02764","Argentina","COSTEROS, FRESQUERO",17.56,"",NA
"SCIROCCO","","02574","Argentina","ALTURA,PROC.CONGELADOR",65.93,"",701006135
"SERMILIK","","0505","Argentina","ALTURA,PROC.CONGELADOR",34.05,"",701000925
"SFIDA","","01567","Argentina","ALTURA, FRESQUERO",26.5,"",NA
"SIEMPRE DON CONRADO","","02687","Argentina","COSTEROS, FRESQUERO",19.4,"",NA
"SIEMPRE DON JOSE MOSCUZZA","","02257","Argentina","ALTURA, FRESQUERO",38,"",NA
"SIEMPRE DON VICENTE","","02654","Argentina","COSTEROS, FRESQUERO",18.94,"",NA
"SIEMPRE GRACIOSA","","0955","Argentina","RADA O RIA, FRESQUERO",12.47,"",NA
"SIEMPRE LIBERTAD","","0907","Argentina","RADA O RIA, FRESQUERO",14.3,"",NA
"SIEMPRE LILIA","","0933","Argentina","RADA O RIA, FRESQUERO",12.98,"",NA
"SIEMPRE MARIA MADRE","","0909","Argentina","RADA O RIA, FRESQUERO",13.94,"",NA
"SIEMPRE SAN SALVADOR","","0801","Argentina","COSTEROS, FRESQUERO",22.35,"",NA
"SIEMPRE SANTA ROSA","","0494","Argentina","ALTURA, FRESQUERO",27.8,"",NA
"SIEMPRE SARA MADRE","","0932","Argentina","RADA O RIA, FRESQUERO",14,"",NA
"SIEMPRE VIEJO PANCHO","","02937","Argentina","COSTEROS, FRESQUERO",17.98,"",NA
"SIEMPRE VIRGEN DE LOURDES","","0699","Argentina","RADA O RIA, FRESQUERO",16,"",NA
"SIEMPRE VIRGEN DE LUJAN","","01069","Argentina","RADA O RIA, FRESQUERO",12.4,"",NA
"SIGUE VALIENTE","","01732","Argentina","RADA O RIA, FRESQUERO",13.87,"",NA
"SIMBAD","","0754","Argentina","ALTURA, FRESQUERO",51.33,"",701006038
"SIRIUS","","0905","Argentina","ALTURA, FRESQUERO",59.76,"",770576022
"SIRIUS","","0905","Argentina","ALTURA, FRESQUERO",59.76,"",209533000
"SIRIUS II","","0936","Argentina","ALTURA, FRESQUERO",59.25,"",NA
"SIRIUS III","","0937","Argentina","ALTURA, FRESQUERO",59.25,"",NA
"SOFIA B","","02679","Argentina","COSTEROS, FRESQUERO",19.65,"",701006282
"SOHO MARU Nº 58","","02611","Argentina","ALTURA,PROC.CONGELADOR",65.67,"",NA
"SOL","","01148","Argentina","RADA O RIA, FRESQUERO",14.05,"",NA
"SOLE MIO","","01147","Argentina","RADA O RIA, FRESQUERO",12.95,"",NA
"SOPESCA","","MVDEO-7890","Uruguay","B",22.39,"Montevideo",770576112
"STELLA ITALIA","","0418","Argentina","RADA O RIA, FRESQUERO",14.73,"",NA
"STELLA MARIS I.","","0926","Argentina","ALTURA,PROC.CONGELADOR",68.2,"",NA
"STELLA POLARE A","","0344M","Argentina","COSTEROS, FRESQUERO",14.1,"",NA
"SUEMAR","","0618","Argentina","ALTURA,PROC.CONGELADOR",36.6,"",164135146
"SUEÑO REAL","","01113","Argentina","COSTEROS, FRESQUERO",22.9,"",NA
"SUMATRA","","01105","Argentina","ALTURA, FRESQUERO",34.57,"",NA
"SUR ESTE 502","","02201","Argentina","ALTURA,PROC.CONGELADOR",54.6,"",NA
"SUSANA","","0922","Argentina","COSTEROS, FRESQUERO",18.97,"",NA
"TABEIRON","","02233","Argentina","ALTURA,PROC.CONGELADOR",34.15,"",NA
"TABEIRON DOS","","02323","Argentina","ALTURA,PROC.CONGELADOR",33,"",NA
"TABEIRON TRES","","02365","Argentina","COSTEROS, FRESQUERO",23.9,"",NA
"TACUAREMBO S-2","","MVDEO-1757","Uruguay","B",27,"Montevideo",NA
"TAI AN","","01530","Argentina","ALTURA,PROC.FACTORIA",100.5,"",NA
"TAISEI MARU N°8","","02207","Argentina","ALTURA,PROC.CONGELADOR",65.57,"",NA
"TALISMAN","","02263","Argentina","ALTURA,PROC.CONGELADOR",49.95,"",306867000
"TANGO I","","02724","Argentina","ALTURA,PROC.CONGELADOR",50.4,"",NA
"TANGO II","","02791","Argentina","ALTURA,PROC.CONGELADOR",50.4,"",701006450
"TEMERARIO","","01444","Argentina","RADA O RIA, FRESQUERO",18.1,"",NA
"TEMERARIO I","","01551","Argentina","COSTEROS, FRESQUERO",23.85,"",NA
"TENIENTE CORONEL ROMEO ARALDE","","01532","Argentina","RADA O RIA, FRESQUERO",14.6,"",NA
"TESON","","01541","Argentina","ALTURA, FRESQUERO",25.91,"",NA
"TIFON","","01182","Argentina","COSTEROS, FRESQUERO",22,"",701006104
"TORRES DEL PAINE","","MVDEO-8078","Uruguay","",27.65,"Montevideo",770576071
"TOZUDO","","01219","Argentina","ALTURA, FRESQUERO",24.2,"",NA
"TRABAJAMOS","","02904","Argentina","COSTEROS, FRESQUERO",19.94,"",NA
"TRITON I (02821)","","02821","Argentina","COSTEROS, FRESQUERO",19.93,"",NA
"UCHI","","01901","Argentina","ALTURA,PROC.CONGELADOR",54.23,"",701000742
"URABAIN","","0612","Argentina","ALTURA,PROC.CONGELADOR",73.2,"",701000512
"UR ERTZA","","0377","Argentina","ALTURA, FRESQUERO",51,"",NA
"VALIENTE I","","0211","Argentina","ALTURA,PROC.CONGELADOR",35.3,"",NA
"VALIENTE II","","0212","Argentina","ALTURA,PROC.CONGELADOR",35.3,"",NA
"VAMOS A PROBAR I","","02532","Argentina","COSTEROS, FRESQUERO",16.23,"",NA
"VENTARRON 1º","","0479","Argentina","ALTURA,PROC.CONGELADOR",63.07,"",NA
"VERAZ","","0144","Argentina","ALTURA, FRESQUERO",27.45,"",NA
"VERDEL","","0174","Argentina","ALTURA,PROC.CONGELADOR",71.7,"",NA
"VERONICA ALEJANDRA N","","02292","Argentina","COSTEROS, FRESQUERO",15.3,"",NA
"VICENTE LUIS","","01075","Argentina","ALTURA, FRESQUERO",27.6,"",NA
"VICTORIA DEL MAR I","","0929","Argentina","ALTURA,PROC.CONGELADOR",32.2,"",NA
"VICTORIA I","","0554","Argentina","ALTURA, FRESQUERO",25.28,"",NA
"VICTORIA II","","0556","Argentina","ALTURA, FRESQUERO",27.4,"",NA
"VICTORIA P","","02246","Argentina","ALTURA,PROC.CONGELADOR",36.15,"",701000587
"VIEIRASA DIECIOCHO","","02563","Argentina","ALTURA,PROC.CONGELADOR",67.78,"",701006132
"VIEIRASA DIECISEIS","","0240","Argentina","ALTURA,PROC.CONGELADOR",36.13,"",NA
"VIEIRASA DIECISIETE","","02568","Argentina","ALTURA,PROC.CONGELADOR",59.03,"",NA
"VIEIRASA QUINCE","","0179","Argentina","ALTURA,PROC.CONGELADOR",38.5,"",701006060
"VIEJO AMABILE","","01866","Argentina","RADA O RIA, FRESQUERO",14,"",NA
"VIENTO NORTE","","02900","Argentina","RADA O RIA, FRESQUERO",15.25,"",NA
"VILLALONGA","","MVDEO-7931","Uruguay","B",21.42,"Montevideo",770576116
"VILLARINO","","02178","Argentina","ALTURA,PROC.CONGELADOR",64.5,"",NA
"VIRGEN DE LAS NIEVES","","01359","Argentina","RADA O RIA, FRESQUERO",14.63,"",NA
"VIRGEN DEL MILAGRO","","02767","Argentina","COSTEROS, FRESQUERO",19.93,"",NA
"VIRGEN DE LOURDES","","01179","Argentina","RADA O RIA, FRESQUERO",11.41,"",NA
"VIRGEN MARIA","","0541","Argentina","ALTURA, FRESQUERO",56.65,"",701000849
"Vº MARIA INMACULADA","","0369","Argentina","ALTURA, FRESQUERO",28.1,"",NA
"WIRON IV","","01476","Argentina","ALTURA, FRESQUERO",37.42,"",701000933
"XEITOSIÑO","","0403","Argentina","ALTURA,PROC.CONGELADOR",51.72,"",NA
"XIN SHI DAI N° 28","","02165","Argentina","ALTURA,PROC.CONGELADOR",62.4,"",NA
"XIN SHI JI 98","","02995","Argentina","ALTURA,PROC.CONGELADOR",67.08,"",NA
"XIN SHI JI N° 88","","02182","Argentina","ALTURA,PROC.CONGELADOR",59.2,"",NA
"XIN SHI JI N° 99","","02181","Argentina","ALTURA,PROC.CONGELADOR",65.1,"",NA
"XIN SHI JI Nº 18","","02593","Argentina","ALTURA,PROC.CONGELADOR",66.2,"",NA
"XIN SHI JI Nº 89","","02903","Argentina","ALTURA,PROC.CONGELADOR",68.58,"",NA
"XIN SHI JI Nº 91","","02924","Argentina","ALTURA,PROC.CONGELADOR",68.58,"",NA
"XIN SHI JI Nº 92","","02930","Argentina","ALTURA,PROC.CONGELADOR",68.58,"",NA
"XIN SHI JI Nº 95","","02933","Argentina","ALTURA,PROC.CONGELADOR",68.58,"",NA
"YENU","","0498","Argentina","ALTURA,PROC.CONGELADOR",36.83,"",NA
"ZAANDAM","","MVDEO-7897","Uruguay","A",43,"Montevideo",246442000
"ZAANDAM","","MVDEO-7897","Uruguay","A",43,"Montevideo",770576064
"ZURITA","","MVDEO-7898","Uruguay","A",46.23,"Montevideo",770576063
